<?xml version="1.0" encoding="UTF-8"?>

<ValueSet xmlns="http://hl7.org/fhir">
  <id value="handedness-vs"/>
  <text>
    <status value="generated"/><div xmlns="http://www.w3.org/1999/xhtml"><ul><li>Include these codes as defined in <a href="http://terminology.hl7.org/5.0.0/CodeSystem-icd10.html"><code>http://hl7.org/fhir/sid/icd-10</code></a><table class="none"><tr><td style="white-space:nowrap"><b>Code</b></td><td><b>Display</b></td></tr><tr><td>Z63.1</td><td>Problems in relationship with parents and in-laws</td></tr></table></li></ul></div>
  </text>
  <url value="http://example.com/fhir/example/ValueSet/handedness-vs"/>
  <version value="0.1.0-test"/>
  <name value="HandednessVS"/>
  <title value="Handedness Value Set"/>
  <status value="active"/>
  <date value="2023-04-15T12:23:08+00:00"/>
  <publisher value="xxxYour Work Group"/>
  <contact>
    <telecom>
      <system value="url"/>
      <value value="http://xxhl7.org/Special/committees/[something]"/>
    </telecom>
  </contact>
  <description value="Indicates the dominant hand."/>
  <jurisdiction>
    <coding>
      <system value="http://unstats.un.org/unsd/methods/m49/m49.htm"/>
      <code value="001"/>
    </coding>
  </jurisdiction>
  <copyright value="This value set includes content from SNOMED CT, which is copyright © 2002+ International Health Terminology Standards Development Organisation (IHTSDO), and distributed by agreement between IHTSDO and HL7. Implementer use of SNOMED CT is not covered by this agreement"/>
  <compose>
    <include>
      <system value="http://hl7.org/fhir/sid/icd-10"/>
      <concept>
        <code value="Z63.1"/>
      </concept>
    </include>
  </compose>
</ValueSet>