{"resourceType":"ValueSet","id":"icd-selectio-vs","text":{"status":"generated","div":"<div xmlns=\"http://www.w3.org/1999/xhtml\"><ul><li>Include these codes as defined in <a href=\"http://terminology.hl7.org/5.0.0/CodeSystem-icd10CM.html\"><code>http://hl7.org/fhir/sid/icd-10-cm</code></a><table class=\"none\"><tr><td style=\"white-space:nowrap\"><b>Code</b></td><td><b>Display</b></td></tr><tr><td>Z63.1</td><td>Problems in relationship with in-laws</td></tr></table></li></ul></div>"},"url":"http://example.com/fhir/example/ValueSet/icd-selectio-vs","version":"1.0.0","name":"ICDSelectionV","title":"ICD Selectio Value Set","status":"active","date":"2023-04-15T13:11:25+00:00","publisher":"My Organization","contact":[{"name":"My Organization","telecom":[{"system":"url","value":"http://example.com/committees"},{"system":"email","value":"my-group@example.com"}]},{"name":"Bob Smith","telecom":[{"system":"email","value":"bobsmith@example.com","use":"work"}]}],"description":"A fine selection of ICD code.","jurisdiction":[{"coding":[{"system":"http://unstats.un.org/unsd/methods/m49/m49.htm","code":"001","display":"World"}]}],"copyright":"This value set includes content from ICD-10","compose":{"include":[{"system":"http://hl7.org/fhir/sid/icd-10-cm","concept":[{"code":"Z63.1"}]}]}}