<?xml version="1.0" encoding="UTF-8"?>

<Bundle xmlns="http://hl7.org/fhir">
  <id value="11381266-9dd6-4536-ad0d-95f25b671f12"/>
  <meta>
    <lastUpdated value="2023-04-15T13:13:57.104+00:00"/>
  </meta>
  <type value="collection"/>
  <entry>
    <fullUrl value="http://example.com/fhir/example/ValueSet/icd-selection-vs"/>
    <resource>
      <ValueSet>
        <id value="icd-selection-vs"/>
        <text>
          <status value="generated"/>
          <div xmlns="http://www.w3.org/1999/xhtml">
            <p>This value set contains 1 concepts</p>
            <p style="border: black 1px dotted; background-color: #EEEEEE; padding: 8px; margin-bottom: 8px">Expansion based on http://hl7.org/fhir/sid/icd-10-cm version 2021</p>
            <table class="codes">
              <tr>
                <td style="white-space:nowrap">
                  <b>Code</b>
                </td>
                <td>
                  <b>System</b>
                </td>
                <td>
                  <b>Display</b>
                </td>
              </tr>
              <tr>
                <td style="white-space:nowrap">
                  <a name="http---hl7.org-fhir-sid-icd-10-cm-Z63.1"> </a>  Z63.1
                </td>
                <td>http://hl7.org/fhir/sid/icd-10-cm</td>
                <td>Problems in relationship with in-laws</td>
              </tr>
            </table>
          </div>
        </text>
        <url value="http://example.com/fhir/example/ValueSet/icd-selection-vs"/>
        <version value="1.0.0"/>
        <name value="ICDSelectionVS"/>
        <title value="ICD Selection Value Set"/>
        <status value="active"/>
        <experimental value="true"/>
        <date value="2023-04-15T13:13:57+00:00"/>
        <publisher value="My Organization"/>
        <contact>
          <name value="My Organization"/>
          <telecom>
            <system value="url"/>
            <value value="http://example.com/committees"/>
          </telecom>
          <telecom>
            <system value="email"/>
            <value value="my-group@example.com"/>
          </telecom>
        </contact>
        <contact>
          <name value="Bob Smith"/>
          <telecom>
            <system value="email"/>
            <value value="bobsmith@example.com"/>
            <use value="work"/>
          </telecom>
        </contact>
        <description value="A fine selection of ICD codes."/>
        <jurisdiction>
          <coding>
            <system value="http://unstats.un.org/unsd/methods/m49/m49.htm"/>
            <code value="001"/>
            <display value="World"/>
          </coding>
        </jurisdiction>
        <copyright value="This value set includes content from ICD-10"/>
        <expansion>
          <identifier value="urn:uuid:222ebee6-7a26-41ce-ae29-65af1f35d9c4"/>
          <timestamp value="2023-04-15T13:14:04+00:00"/>
          <total value="1"/>
          <parameter>
            <name value="excludeNested"/>
            <valueBoolean value="false"/>
          </parameter>
          <parameter>
            <name value="limitedExpansion"/>
            <valueBoolean value="true"/>
          </parameter>
          <parameter>
            <name value="version"/>
            <valueUri value="http://hl7.org/fhir/sid/icd-10-cm|2021"/>
          </parameter>
          <contains>
            <system value="http://hl7.org/fhir/sid/icd-10-cm"/>
            <code value="Z63.1"/>
            <display value="Problems in relationship with in-laws"/>
          </contains>
        </expansion>
      </ValueSet>
    </resource>
  </entry>
</Bundle>