{
  "resourceType" : "Bundle",
  "id" : "f6311a6a-f45b-45b9-9781-71a50e0b1ef2",
  "meta" : {
    "lastUpdated" : "2023-04-15T13:11:25.766+00:00"
  },
  "type" : "collection",
  "entry" : [{
    "fullUrl" : "http://example.com/fhir/example/ValueSet/icd-selectio-vs",
    "resource" : {
      "resourceType" : "ValueSet",
      "id" : "icd-selectio-vs",
      "text" : {
        "status" : "generated",
        "div" : "<div xmlns=\"http://www.w3.org/1999/xhtml\"><p>This value set contains 1 concepts</p><p style=\"border: black 1px dotted; background-color: #EEEEEE; padding: 8px; margin-bottom: 8px\">Expansion based on http://hl7.org/fhir/sid/icd-10-cm version 2021</p><table class=\"codes\"><tr><td style=\"white-space:nowrap\"><b>Code</b></td><td><b>System</b></td><td><b>Display</b></td></tr><tr><td style=\"white-space:nowrap\"><a name=\"http---hl7.org-fhir-sid-icd-10-cm-Z63.1\"> </a>\u00a0\u00a0Z63.1</td><td>http://hl7.org/fhir/sid/icd-10-cm</td><td>Problems in relationship with in-laws</td></tr></table></div>"
      },
      "url" : "http://example.com/fhir/example/ValueSet/icd-selectio-vs",
      "version" : "1.0.0",
      "name" : "ICDSelectionV",
      "title" : "ICD Selectio Value Set",
      "status" : "active",
      "date" : "2023-04-15T13:11:25+00:00",
      "publisher" : "My Organization",
      "contact" : [{
        "name" : "My Organization",
        "telecom" : [{
          "system" : "url",
          "value" : "http://example.com/committees"
        },
        {
          "system" : "email",
          "value" : "my-group@example.com"
        }]
      },
      {
        "name" : "Bob Smith",
        "telecom" : [{
          "system" : "email",
          "value" : "bobsmith@example.com",
          "use" : "work"
        }]
      }],
      "description" : "A fine selection of ICD code.",
      "jurisdiction" : [{
        "coding" : [{
          "system" : "http://unstats.un.org/unsd/methods/m49/m49.htm",
          "code" : "001",
          "display" : "World"
        }]
      }],
      "copyright" : "This value set includes content from ICD-10",
      "expansion" : {
        "identifier" : "urn:uuid:dcf8c62d-e843-49a3-9b40-90e1067a43c9",
        "timestamp" : "2023-04-15T13:11:34+00:00",
        "total" : 1,
        "parameter" : [{
          "name" : "excludeNested",
          "valueBoolean" : false
        },
        {
          "name" : "limitedExpansion",
          "valueBoolean" : true
        },
        {
          "name" : "version",
          "valueUri" : "http://hl7.org/fhir/sid/icd-10-cm|2021"
        }],
        "contains" : [{
          "system" : "http://hl7.org/fhir/sid/icd-10-cm",
          "code" : "Z63.1",
          "display" : "Problems in relationship with in-laws"
        }]
      }
    }
  }]
}